"Status","Start Time","Stop Time","Duration in ms","Parent Suite","Suite","Sub Suite","Test Class","Test Method","Name","Description"
"passed","Mon Sep 28 07:23:51 AMT 2026","Mon Sep 28 07:24:02 AMT 2026","10757","","tests.ConstructorTest","","tests.ConstructorTest","isSaucesSectionNavigationSuccessful","isSaucesSectionNavigationSuccessful",""
"failed","Mon Sep 28 07:24:07 AMT 2026","Mon Sep 28 07:24:13 AMT 2026","5769","","tests.ConstructorTest","","tests.ConstructorTest","isFillingsSectionNavigationSuccessful","isFillingsSectionNavigationSuccessful",""
"passed","Mon Sep 28 07:25:03 AMT 2026","Mon Sep 28 07:25:09 AMT 2026","6083","","tests.RegistrationTest","","tests.RegistrationTest","isRegistrationSuccessful","isRegistrationSuccessful",""
"passed","Mon Sep 28 07:24:37 AMT 2026","Mon Sep 28 07:24:44 AMT 2026","6880","","tests.LoginTest","","tests.LoginTest","loginViaRegistrationForm[Browser: chrome]","loginViaRegistrationForm[Browser: chrome]",""
"passed","Mon Sep 28 07:24:19 AMT 2026","Mon Sep 28 07:24:26 AMT 2026","6861","","tests.LoginTest","","tests.LoginTest","isLoginViaPersonalAccountButtonSuccessful[Browser: chrome]","isLoginViaPersonalAccountButtonSuccessful[Browser: chrome]",""
"broken","Mon Sep 28 07:24:44 AMT 2026","Mon Sep 28 07:24:48 AMT 2026","3778","","tests.LoginTest","","tests.LoginTest","isLoginViaForgotPasswordFormSuccessful[Browser: yandex]","isLoginViaForgotPasswordFormSuccessful[Browser: yandex]",""
"passed","Mon Sep 28 07:24:13 AMT 2026","Mon Sep 28 07:24:19 AMT 2026","6237","","tests.LoginTest","","tests.LoginTest","isLoginViaForgotPasswordFormSuccessful[Browser: chrome]","isLoginViaForgotPasswordFormSuccessful[Browser: chrome]",""
"broken","Mon Sep 28 07:24:55 AMT 2026","Mon Sep 28 07:24:59 AMT 2026","3675","","tests.LoginTest","","tests.LoginTest","loginViaRegistrationForm[Browser: yandex]","loginViaRegistrationForm[Browser: yandex]",""
"passed","Mon Sep 28 07:24:26 AMT 2026","Mon Sep 28 07:24:37 AMT 2026","10629","","tests.LoginTest","","tests.LoginTest","isLoginViaLoginToAccountButtonSuccessful[Browser: chrome]","isLoginViaLoginToAccountButtonSuccessful[Browser: chrome]",""
"passed","Mon Sep 28 07:24:59 AMT 2026","Mon Sep 28 07:25:03 AMT 2026","4132","","tests.RegistrationTest","","tests.RegistrationTest","isInvalidPasswordErrorDisplayed","isInvalidPasswordErrorDisplayed",""
"broken","Mon Sep 28 07:24:51 AMT 2026","Mon Sep 28 07:24:55 AMT 2026","3987","","tests.LoginTest","","tests.LoginTest","isLoginViaLoginToAccountButtonSuccessful[Browser: yandex]","isLoginViaLoginToAccountButtonSuccessful[Browser: yandex]",""
"broken","Mon Sep 28 07:24:48 AMT 2026","Mon Sep 28 07:24:51 AMT 2026","3571","","tests.LoginTest","","tests.LoginTest","isLoginViaPersonalAccountButtonSuccessful[Browser: yandex]","isLoginViaPersonalAccountButtonSuccessful[Browser: yandex]",""
"passed","Mon Sep 28 07:24:02 AMT 2026","Mon Sep 28 07:24:07 AMT 2026","5187","","tests.ConstructorTest","","tests.ConstructorTest","isBunsSectionNavigationSuccessful","isBunsSectionNavigationSuccessful",""
